900.93682747017,96,7.333333333333333,3.0520833333333335,-0.28125,3.0,2.4375,9.208333333333334,2.7916666666666665,3.8333333333333335,3.75,3.6458333333333335,4.447916666666667
906.13342780616,541,1.0462107208872458,0.6266173752310537,0.7763401109057301,0.4048059149722736,1.0905730129390019,1.5027726432532347,1.2883548983364141,1.2828096118299446,1.3530499075785583,0.19408502772643252,1.3401109057301295
910.025797590615,287,-0.2508710801393728,2.8989547038327528,1.0592334494773519,3.5609756097560976,2.5958188153310107,2.5609756097560976,0.9512195121951219,3.2334494773519165,1.89198606271777,1.2578397212543555,2.167247386759582
915.208850013172,465,2.2129032258064516,0.5978494623655914,0.14623655913978495,1.2688172043010753,1.5591397849462365,0.38924731182795697,1.0451612903225806,1.5483870967741935,1.5075268817204301,0.04946236559139785,1.2258064516129032
920.384160770909,244,1.7540983606557377,2.4139344262295084,2.2827868852459017,3.1721311475409837,1.5737704918032787,2.75,1.7254098360655739,1.901639344262295,3.4139344262295084,2.057377049180328,2.3688524590163933
924.260563371674,414,1.5144927536231885,1.7028985507246377,1.606280193236715,2.6666666666666665,0.9927536231884058,1.5990338164251208,1.4492753623188406,2.471014492753623,2.1956521739130435,2.5386473429951693,2.466183574879227
929.422326215977,869,1.5477560414269276,0.9113924050632911,1.232451093210587,1.2497123130034522,1.811277330264672,1.2474108170310703,1.0207134637514383,1.2508630609896432,1.240506329113924,0.9275028768699655,1.1070195627157653
933.288567881667,822,1.6046228710462287,1.3722627737226278,1.572992700729927,2.1849148418491486,1.6739659367396593,2.019464720194647,1.6800486618004866,2.0328467153284673,1.7420924574209247,2.0316301703163018,1.6362530413625305
938.436782812536,1013,1.108588351431392,1.8341559723593288,1.0345508390918066,1.680157946692991,1.4639684106614017,1.7581441263573543,1.7650542941757157,1.56071076011846,1.5488647581441264,1.179664363277394,1.6219151036525172
943.577256078587,1275,1.2188235294117646,1.1262745098039215,1.0047058823529411,1.068235294117647,1.2807843137254902,0.9639215686274509,1.2094117647058824,1.528627450980392,0.8878431372549019,0.9709803921568627,0.9741176470588235
947.427530560586,1062,1.0433145009416196,1.310734463276836,1.3879472693032016,1.3455743879472692,1.1365348399246704,0.9331450094161958,1.1930320150659133,0.8173258003766478,1.0932203389830508,1.2015065913371,1.0564971751412429
952.554455913202,1392,0.5739942528735632,0.5711206896551724,0.7313218390804598,0.7808908045977011,0.5337643678160919,0.7744252873563219,1.089080459770115,0.9461206896551724,0.9116379310344828,0.5596264367816092,0.5387931034482759
956.394569460127,1043,0.7929050814956855,0.7296260786193672,1.4678811121764141,1.0546500479386385,0.716203259827421,0.7641418983700863,0.9309683604985618,0.9798657718120806,1.174496644295302,0.9520613614573347,1.3499520613614573
961.507946899309,1573,1.0813731722822633,0.4507310870947235,0.38080101716465353,0.8207247298156389,0.7088366179275271,0.7361729179910999,0.6961220597584233,0.9739351557533376,0.8575969485060394,0.8474253019707565,0.6102987921169739
966.613582673672,1939,0.592573491490459,0.7302733367715317,0.5312016503352244,0.9793708096957194,0.6008251676121712,0.6358947911294481,0.7854564208354822,0.8731304796286746,0.8793192367199587,0.5415162454873647,0.6704486848891181
970.437729036906,2385,0.6972746331236898,0.6679245283018868,0.6469601677148847,0.7526205450733753,0.790775681341719,0.710272536687631,0.7450733752620545,0.8209643605870021,0.6851153039832285,0.8301886792452831,0.6817610062893081
975.529816897835,4000,0.5995,0.54775,0.59975,0.64375,0.5145,0.69275,0.62,0.743,0.64825,0.702,0.48225
979.343802325994,4699,0.6103426260906576,0.5782081293892317,0.6086401361991913,0.6284315811874867,0.6335390508618856,0.6569482868695468,0.6667376037454777,0.6382208980634178,0.7935731006597149,0.6439668014471164,0.5973611406682273
984.422342273489,5364,0.5602162565249813,0.6483967188665175,0.5689783743475019,0.6651752423564504,0.6126025354213274,0.5747576435495898,0.5540641312453393,0.6564131245339299,0.6133482475764355,0.5451155853840418,0.5719612229679344
989.493140556165,4666,0.6393056150878696,0.7372481783111873,0.7194599228461209,0.7561080154307758,0.6275182168881269,0.6763823403343335,0.7276039434204886,0.7342477496785255,0.779468495499357,0.7053150450064295,0.7882554650664381
993.291158800634,4158,0.6924001924001923,0.7645502645502645,0.6736411736411736,0.6955266955266955,0.6125541125541125,0.6301106301106301,0.6625781625781626,0.7053872053872053,0.7448292448292448,0.6462241462241463,0.6765271765271765
998.348409169876,3192,0.7543859649122807,0.6015037593984962,0.6196741854636592,0.8082706766917294,0.6268796992481203,0.6005639097744361,0.5977443609022557,0.6541353383458647,0.8605889724310777,0.7224310776942355,0.6209273182957393
1002.13626647927,2801,0.7707961442342021,0.6297750803284541,0.47340235630132094,0.6337022491967155,0.6729739378793288,0.5223134594787576,0.46554801856479827,0.7079614423420207,0.8064976794002142,0.5658693323812924,0.7093895037486612
1007.17996893508,2230,0.6789237668161435,0.742152466367713,0.5134529147982063,0.87847533632287,0.9174887892376682,0.7309417040358744,0.7650224215246637,0.7304932735426009,0.8071748878923767,0.7,0.6542600896860986
1012.21592972607,1952,0.8662909836065574,0.6372950819672131,0.7151639344262295,0.8427254098360656,0.8652663934426229,0.9774590163934426,0.9006147540983607,0.9554303278688525,0.9513319672131147,0.9477459016393442,0.8601434426229508
1015.98781985177,3262,0.6232372777437155,0.6033108522378908,0.6171060698957694,0.6597179644389944,0.5141017780502759,0.6443899448191294,0.5545677498467197,0.65113427345187,0.5974862047823422,0.6312078479460453,0.4751686082158185
1021.01023272932,3115,0.6353130016051365,0.6609951845906902,0.7171749598715891,0.7974317817014446,0.7788121990369181,0.7935794542536115,0.7235955056179775,0.7614767255216693,0.7142857142857143,0.6035313001605136,0.9046548956661317
1024.77196191995,3782,0.6086726599682708,0.6890534108937071,0.6110523532522475,0.7760444209413009,0.541776837652036,0.6250661025912215,0.5219460602855632,0.7667900581702802,0.6282390269698572,0.6261237440507668,0.686409307244844
1029.78082688407,3880,0.5943298969072165,0.6525773195876289,0.6255154639175258,0.7105670103092784,0.5657216494845361,0.5847938144329897,0.5817010309278351,0.5603092783505155,0.7945876288659793,0.5551546391752578,0.6350515463917525
1034.78195018337,3927,0.5500381970970206,0.5278838808250573,0.4708428826075885,0.6345811051693404,0.47517188693659285,0.44410491469315,0.5785586962057551,0.5215176979882862,0.5210084033613446,0.5136236312706901,0.6193022663610899
1038.52771219031,4083,0.46216017634092577,0.4212588782757776,0.550575557188342,0.5973548861131521,0.42321822189566494,0.4638746020083272,0.48028410482488365,0.5701689933872153,0.46313984815086945,0.5167768797452853,0.5226549106049474
1043.51528757618,4310,0.5375870069605568,0.4888631090487239,0.5584686774941995,0.5638051044083526,0.5201856148491879,0.4951276102088167,0.6276102088167054,0.5025522041763341,0.5723897911832947,0.5139211136890951,0.6081206496519722
1047.25088864804,4572,0.4416010498687664,0.5463692038495188,0.46741032370953634,0.5190288713910761,0.5223097112860893,0.452755905511811,0.5004374453193351,0.5592738407699037,0.6347331583552056,0.45428696412948383,0.5120297462817148
1052.22491612048,5450,0.47559633027522935,0.4748623853211009,0.44954128440366975,0.5097247706422018,0.4418348623853211,0.44605504587155964,0.44330275229357796,0.5097247706422018,0.5284403669724771,0.5177981651376147,0.3902752293577982
1057.19120192809,5956,0.4600402955003358,0.5021826729348556,0.39120214909335127,0.42276695768972467,0.4590329079919409,0.508226997985225,0.4158831430490262,0.4793485560779046,0.44895903290799194,0.40530557421087976,0.48052384150436533
1060.91083581626,6043,0.4454741022670859,0.48634784047658447,0.45341717689889127,0.4841965910971372,0.38772133046500085,0.4545755419493629,0.45043852391196426,0.5348336918748966,0.5369849412543438,0.4918087042859507,0.5043852391196426
1065.86357371044,7103,0.4103899760664508,0.43178938476699985,0.37012529916936504,0.4103899760664508,0.39574827537660145,0.4217936083345065,0.343516823877235,0.41602139940870053,0.4973954667042095,0.3432352527101225,0.43854709277769954
1069.57304666354,7114,0.3791116109080686,0.4447568175428732,0.36772561147034016,0.4741355074500984,0.38670227719988753,0.47652516165307846,0.42549901602473994,0.45080123699746977,0.4489738543716615,0.39302783244307,0.39162215350014057
1074.51223664429,8242,0.3409366658578015,0.33741810240232956,0.3734530453773356,0.36398932297985925,0.364717301625819,0.3696918223732104,0.40196554234409126,0.42331958262557634,0.4255035185634555,0.37126910943945646,0.39759767046833294
1079.44368496021,8373,0.35327839484055895,0.4206377642422071,0.34002149767108564,0.4047533739400454,0.3763286755045981,0.3986623671324495,0.3654604084557506,0.4060671205063896,0.4100083602054222,0.3566224770094351,0.4188462916517377
1083.13719072962,8901,0.3996180204471408,0.3961352657004831,0.3125491517806988,0.4005167958656331,0.36018424896079093,0.37332883945624085,0.34232108751825635,0.3652398606898101,0.36119537130659474,0.3010897651949219,0.37950792045837545
1088.05509113212,9254,0.35660255024854115,0.36232980332829046,0.3101361573373676,0.37724227361141127,0.36978603846985086,0.370974713637346,0.37043440674303,0.38891290252863625,0.3856710611627404,0.3446077371947266,0.30905554354873566
1091.73843596645,10207,0.3780738708729303,0.3129225041638091,0.33428039580679925,0.36964828059175076,0.3386891349074165,0.34838836092877434,0.3521112961692956,0.3498579406289801,0.3648476535710787,0.33800333104732044,0.33682766728715585
1096.64278845551,10317,0.37559368033343027,0.32112048075991084,0.30347969370941164,0.38761267810410005,0.3884850247164873,0.35717747407192013,0.3916836289619075,0.37908306678297954,0.3697780362508481,0.33110400310167687,0.33323640593195697
1101.53939927975,11385,0.34000878348704433,0.3138339920948617,0.31181379007465965,0.3468599033816425,0.3386034255599473,0.3463328941589811,0.33456302151954326,0.3140096618357488,0.3653052261747914,0.32419850680720247,0.34879227053140094
1105.20677693039,11378,0.3204429600984356,0.33388996308665847,0.32070662682369483,0.346018632448585,0.30260151168922483,0.32641940587097906,0.3358235190718931,0.3251889611531025,0.38530497451221657,0.31411495869221306,0.3323958516435226
1110.08983984119,11664,0.31455761316872427,0.3066700960219479,0.25162894375857336,0.3040980795610425,0.2741769547325103,0.29886831275720166,0.2912379972565158,0.3611111111111111,0.31670096021947874,0.31232853223593965,0.31815843621399176
1113.74705655676,12318,0.2874654976457217,0.27650592628673487,0.25694106186069166,0.2874654976457217,0.25621042377009257,0.31693456729988634,0.2998051631758402,0.27658710829680144,0.2875466796557883,0.32610813443740866,0.260837798343887
1118.61657155413,13428,0.2170092344355079,0.21395591301757522,0.21730711945189157,0.24121239201668157,0.21857313077152218,0.23845695561513255,0.20420017873100982,0.2599046767947572,0.2158921656240691,0.24664879356568364,0.22326481977956508
1123.47834488669,14894,0.23130119511212568,0.2149859003625621,0.20592184772391567,0.20592184772391567,0.2064589767691688,0.20551900093997583,0.19954344031153484,0.23452396938364442,0.22445279978514837,0.19544783134147978,0.24325231636900765
1127.11959441856,15294,0.20629004838498757,0.17640904930037923,0.19831306394664575,0.18987838367987447,0.20563619720151693,0.19131685628350986,0.2115208578527527,0.20472080554465805,0.21910553158101218,0.20406695436118738,0.19157839675689814
1131.96781983768,16755,0.13536257833482543,0.1584004774694121,0.13100566994926888,0.16037003879438974,0.14664279319606088,0.17266487615637124,0.14897045658012534,0.1740376007162041,0.18072217248582512,0.18418382572366457,0.15863921217547
1135.59890843448,18150,0.13520661157024794,0.1590082644628099,0.14798898071625344,0.16517906336088153,0.15774104683195592,0.15482093663911844,0.14170798898071627,0.1662809917355372,0.1662809917355372,0.15134986225895317,0.1518457300275482
1140.43358594017,18374,0.14602155219331664,0.13666049853053228,0.13432023511483618,0.17584630456079242,0.1455317296179384,0.16392728855992164,0.14079677805594862,0.1620224229890062,0.14803526722542723,0.127680417981931,0.15037553064112333
1145.26052178103,19092,0.11523151058034779,0.12900691389063482,0.1423109155667295,0.1361303163628745,0.12240729101194217,0.1435679865912424,0.1362350722815839,0.14912005028284098,0.13712549759061388,0.1344018437041693,0.15173894825057616
1148.87564319414,19626,0.14220931417507388,0.12875777030469784,0.11393050035666973,0.14603077550188526,0.119178640578824,0.13466829715683276,0.13996739019667787,0.14954651992255172,0.15525323550392336,0.13507591969835933,0.12198104555181902
1153.68903112158,19656,0.13425925925925927,0.12245624745624746,0.10821123321123322,0.13690476190476192,0.14280626780626782,0.11401098901098901,0.12555962555962555,0.13125763125763126,0.14194139194139194,0.14875864875864875,0.13293650793650794
1157.29399159961,20066,0.13824379547493273,0.13131665503837336,0.13958935512807735,0.13475530748529851,0.10535233728695305,0.13111731286753714,0.11422306388916575,0.13719724907804245,0.14257948769062095,0.13415728097278978,0.11272799760789395
1162.09383161361,20544,0.1260708722741433,0.1426693925233645,0.1223714953271028,0.1409657320872274,0.11779595015576325,0.11687110591900311,0.12115459501557632,0.14524922118380063,0.12923481308411214,0.11730919003115264,0.1351246105919003
1165.68863115657,20766,0.1377251276124434,0.12294134643166715,0.13334296446113839,0.14143311181739382,0.14711547722238275,0.13185013965135317,0.13517287874410094,0.15390542232495424,0.14552634113454685,0.12303765770971781,0.13897717422710198
1170.47492325713,21373,0.1391475225752117,0.12890094979647218,0.12019838113507697,0.14073831469611192,0.14391989893791232,0.13891358255743227,0.13704206241519673,0.14391989893791232,0.15351143966686942,0.1268422776400131,0.13634024236185843
1175.25347369288,21380,0.14939195509822265,0.1518709073900842,0.15060804490177737,0.144200187090739,0.1530869971936389,0.14242282507015902,0.16347053320860616,0.16234798877455567,0.13152478952291863,0.14962581852198317,0.16314312441534143
1178.83230605215,22302,0.14411263563805937,0.13057124921531701,0.16236211998923863,0.15559142677786744,0.14465070397273788,0.14980719218007355,0.14769975786924938,0.16935700834005918,0.14810330912025826,0.16003049053896512,0.16290018832391714
1183.59730857446,22873,0.1656101079875836,0.1662659030297731,0.1586586805403751,0.16163161806496743,0.15721593144755824,0.16062606566694357,0.16722773575831767,0.17382940584969178,0.1836226118130547,0.16355528352205656,0.1657412669960215
1187.16597999866,23600,0.17177966101694916,0.19474576271186442,0.18245762711864408,0.20173728813559322,0.18207627118644068,0.1847457627118644,0.1965677966101695,0.21152542372881356,0.1990677966101695,0.1891949152542373,0.17491525423728813
1191.91743460753,25371,0.18525087698553466,0.2089393401915573,0.20744156714358913,0.20598320917583068,0.22147333569823816,0.21280201805210675,0.22612431516298134,0.22324701430767413,0.22817389933388516,0.21449686650112332,0.20373654960387844
1196.66114755159,27793,0.2542006980174864,0.24646493721440652,0.25193394020077,0.25596373187493254,0.24682474004245675,0.2384053538660814,0.2355988918072896,0.2536250134926061,0.2557478501781024,0.2481919907890476,0.24743640485014212
1200.21385179209,31195,0.27690334989581666,0.27770476037826575,0.26286263824330824,0.28482128546241386,0.2744350056098734,0.272030774162526,0.2716140407116525,0.28635999358871617,0.28975797403430037,0.2825452796922584,0.272960410322167
1204.94401682272,37107,0.3507963457029671,0.3374295954941116,0.3409060285121406,0.34637669442423263,0.33764518823941575,0.3450022906729189,0.3500148220012397,0.3479397418276875,0.3611447974775649,0.3543536260004851,0.3532487131808015
1208.48656012815,46401,0.4144522747354583,0.38363397340574557,0.38354776836706106,0.40311631214844507,0.4001637895735006,0.3761987888192065,0.391974310898472,0.40438783646904164,0.4091075623370186,0.4002068920928428,0.407491217861684
1213.20317724534,68147,0.49178980732827565,0.464686633307409,0.46710786975215346,0.4792580744566892,0.4791260070142486,0.46238279014483397,0.4766167256078771,0.4896327057684124,0.48964737992868357,0.49104142515444554,0.49469529106196897
1217.91205269771,111974,0.5796702806008538,0.5480022147998642,0.5537356886420062,0.5560933788200833,0.5552538982263739,0.5374997767338846,0.5595495382856734,0.5674174361905442,0.5732134245449837,0.5778394984549985,0.5772500759104792
1221.43862881945,173619,0.6244535448309229,0.5886567714363059,0.589779920400417,0.6010920463774126,0.5978723526802943,0.5805873781095388,0.6043059803362535,0.6100081212309713,0.617276910937167,0.6228926557577223,0.6184230988543881
1226.13395635838,310755,0.6706987819986806,0.6341877041399173,0.6348087721838748,0.6462615243519815,0.6466798603401394,0.6258563820372962,0.6501134334121735,0.6586474875705942,0.6632105678106547,0.6682048559154318,0.667706070698782
1229.65037154505,458550,0.6894711590884309,0.6565369098244467,0.6587831207065751,0.6680885399629266,0.6691593065096499,0.6502998582488279,0.6710042525351652,0.6781877657834479,0.6828699160396904,0.6877526987242395,0.6877941336822593
1234.33215117055,691984,0.700626026035284,0.6744953640546603,0.676040197461213,0.6861126846863511,0.6873916159911212,0.6703435339545423,0.6856516913685865,0.6938397419593516,0.6955377580984532,0.7000927767116003,0.7007546417258202
1239.00618913123,902900,0.7044024808948942,0.6846826891128586,0.6870118507032894,0.6952143094473363,0.6984117842507476,0.6838199136116957,0.6929106213312659,0.7014320522759996,0.7015250858345332,0.7045996234355965,0.7057426071547237
1242.50663713421,1015549,0.7050816848817733,0.6913009613519387,0.6931442992903346,0.700592487413212,0.7031073832971132,0.6915697814679548,0.6972140192152225,0.7047094724134434,0.7043234742981382,0.7070806036931748,0.7085921014150967
1247.16712718146,1103913,0.7081889605430862,0.6978421306751529,0.6990016423395684,0.7058780900306455,0.7089634781001763,0.6995225167200676,0.7022147578658825,0.70918269827423,0.7079751755799597,0.7104128676806959,0.7117635175960424
1250.65741424936,1138661,0.7108797087104942,0.7021211756615885,0.7032294949945594,0.710079646180909,0.7125641433227273,0.7035878105950761,0.7051378768571155,0.7125316490158177,0.711263492821832,0.7135477547751262,0.7141906151172298
1255.30435638317,1163766,0.715983281862505,0.7082368792351728,0.7088847758054454,0.7155785613259023,0.7179123638257175,0.7093281639092395,0.7105706817349879,0.7176494243688164,0.7165168942897455,0.7182500605791886,0.7195510093953595
1259.94355685217,1179803,0.720844073120682,0.7121477060153263,0.7134055431288104,0.7202151545639399,0.7228045699154859,0.7140548040647464,0.7154584282291196,0.7225791085460878,0.720877129486872,0.7229952797204279,0.7239530667408033
1263.41787673638,1191359,0.7237104852525561,0.7158144606285762,0.7174227080166432,0.7232891177218622,0.7257837478039785,0.7172372055778317,0.7190124890985841,0.7259390326509474,0.7243299458853293,0.7264569286000274,0.7283371343146776
1268.04352929194,1208102,0.7271356226543785,0.7185527380966177,0.7200087409837911,0.7261828885309353,0.7291784965176782,0.7204126803862588,0.7221708100806058,0.7288449154127714,0.7274468546530012,0.7292248502196007,0.7308008760849664
1271.50768824107,1218579,0.7290795262350656,0.7207952869694948,0.7224619823581401,0.7284238444942839,0.7310572396209027,0.7223068836735247,0.7244905746775547,0.7312402396561897,0.7298435308666898,0.7314979168359211,0.7329455045589987
1276.1197928832,1234024,0.7306964856437151,0.7223149630801345,0.7236577246471706,0.7299639229058754,0.7326129799744575,0.7242160606276701,0.7258448782195484,0.7328131381561461,0.7310368355882868,0.7329419849208767,0.7347482706981388
1280.72415586051,1248885,0.7315853741537451,0.7231778746642005,0.7242876645968204,0.7304275413668992,0.7328032605083735,0.724631171004536,0.7260916737730055,0.7330122469242565,0.7319256777045124,0.7335927647461535,0.7348218611001013
1284.17234762595,1259359,0.730264364649,0.722076072033471,0.7232417444112441,0.7293027643428125,0.7315626441705662,0.7231178718697369,0.724848911231825,0.7316801642740474,0.7304851118704039,0.7320978370742576,0.7335279296848635
1288.76316268983,1273157,0.7264021640693175,0.7181612322753596,0.7192255157847776,0.725518533849321,0.728387779354785,0.7197046397262867,0.7214365549574797,0.7281034467862173,0.7264304402363574,0.7283288706734519,0.7296240762136955
1292.20119352019,1282863,0.7218557242667377,0.7132920662611674,0.7147731285413953,0.720784682386194,0.7232627334329542,0.7144964037469317,0.7164623190473184,0.7233399045728187,0.7220490418696307,0.7240570505190344,0.7251779808132279
1296.77846067064,1296347,0.7129580274417266,0.7047295207224609,0.7060015566819686,0.711895040448275,0.7141698943261333,0.7059815003236016,0.7079879075587014,0.7146057344214165,0.7133954103338073,0.7149011800081305,0.7162958683130366
1301.34798615626,1306375,0.7022669600995121,0.6942202660032533,0.6951970146397474,0.70130016266386,0.7039295761171179,0.6946688355181322,0.6977491149172328,0.7039211558702516,0.7024300066979237,0.7043015979332121,0.7059634484738303
1304.77004980294,1314556,0.691395421724141,0.6832793734158149,0.6845520464704432,0.6902832591384468,0.6930956155538448,0.6842325469588211,0.6867177967313679,0.6930484513402244,0.6914821430201528,0.6937201610277539,0.6947965700966714
1309.32602737512,1323910,0.673387919118369,0.6651230068509189,0.6666631417543488,0.6724263733939618,0.6748925531191697,0.6658791005430883,0.6687939512504626,0.675243785453694,0.6737595455884463,0.6753434901163976,0.6767340680257722
1312.73793008673,1330805,0.6572533166016058,0.6491379277955823,0.6505491037379632,0.6560202283580239,0.6586051299777202,0.6499900436202148,0.6523149522281626,0.6586171527759515,0.6576275261965502,0.6594640086263577,0.6603266443994424
1317.28035974548,1337722,0.6326815287481256,0.6248413347466814,0.6261495288258696,0.6315818981821335,0.6337781691562223,0.6254595498915321,0.6283742062999637,0.6343014467878977,0.6330455804718769,0.634568318380052,0.6356171162618242
1321.81504773941,1342885,0.6049341529617205,0.5969371911965656,0.598628326327273,0.6036950297307663,0.6058746653659844,0.5975172855456722,0.6006486035662026,0.6060392364200955,0.6051657439021212,0.6066282667540407,0.6080840876173313
1325.21098326733,1344547,0.5823202907745136,0.5744626257021882,0.5754413940159772,0.5809257690508401,0.582806699951731,0.5753008262262308,0.57802442012068,0.5834738391443364,0.5826021700989256,0.5837222499473801,0.5852142022554808
1329.73212334783,1347432,0.5492774403457836,0.5412666464801192,0.5426359178051285,0.5475549044404467,0.5493820838454185,0.5418440411093102,0.5449595972190062,0.5503364919342868,0.5490087811481396,0.5505754650327438,0.5517280278336866
1333.11789794066,1350497,0.5226690618342729,0.5146623798497887,0.5165676043708354,0.5209511757523342,0.5233006811566409,0.5154805971431258,0.5187845659783028,0.523382873120044,0.5227571775427861,0.5238908342632379,0.5252310815944056
1337.62549010773,1354795,0.4875136090700069,0.4799840566284936,0.48125066892039015,0.4862617591591348,0.48795574238168876,0.48051476422632206,0.48347757409792624,0.4881816068113626,0.4873172694023819,0.4886333356707103,0.4895116973416642
1342.12534060998,1352003,0.4530929295275232,0.44600640679051745,0.44676158262962434,0.45138139486376877,0.4532504735566415,0.446180222972878,0.4489457493807336,0.4536816856175615,0.4528813915353738,0.4539538743627048,0.45505668256653276
1345.49514801913,1350170,0.4264744439589089,0.41988045949769287,0.4209558796299725,0.42511387454913085,0.42711658531888574,0.41994045194308866,0.423350392913485,0.4278890806342905,0.4268506928757119,0.427770577038447,0.42857788278513076
1349.98145060794,1348713,0.39288195487105115,0.38645657007828943,0.387682182940329,0.391475428797676,0.3928737989475893,0.3865448023411949,0.3893897367342051,0.3936730794468504,0.393184465486727,0.39374277552006987,0.39496245680140996
1353.34109708201,1346281,0.3696367994497434,0.3635882850608454,0.36453311010108586,0.3681140861380351,0.36953355205933974,0.3631351850022395,0.36644801493893175,0.3700252770409744,0.36943921811271196,0.37073241024719206,0.3711654550573023
1357.81385175739,1340039,0.34380715785137594,0.3384297024191087,0.3390849072303119,0.3426504750981128,0.3440735680080953,0.3377715126201551,0.3412385758921942,0.34422430988948827,0.34389297624919873,0.3445548972828403,0.34565635776272186
1362.27886476795,1332550,0.32096806874038497,0.3152864808074744,0.31613973209260443,0.3194731904994184,0.32127424862106485,0.3148107012870061,0.3180863757457506,0.32135829800007504,0.32103635886083076,0.32181981914374697,0.32261003339461936
1365.62254405833,1324153,0.3006873072824666,0.295446221093786,0.296214259228352,0.29927734936974804,0.300539288133622,0.2950421892334194,0.2982230905340999,0.3013133678661001,0.3011117295357863,0.30161318216248423,0.3025858794263201
1370.07400915546,1307037,0.2680995258741719,0.26305682241589184,0.264004768036406,0.26681800132666483,0.26809264007063305,0.2626551505427926,0.26574381597460517,0.2689457146201676,0.2680505601601179,0.26887915185262545,0.2697521187234944
1373.40752751077,1285441,0.2400584702059449,0.23534024509876378,0.2363764653531356,0.23868540057458879,0.2399316654751171,0.2350088413237169,0.2381805154806794,0.2409040943925081,0.24034630916549263,0.2407593969696003,0.2417676112711513
1377.84544469446,1249737,0.19717508563801825,0.19246929553978157,0.19330227079777584,0.1956811713184454,0.19666137755383734,0.19195958829737778,0.1949778233340295,0.19727350634573515,0.197187888331705,0.1974423418687292,0.19811128261386196
1382.27562021333,1218936,0.14630874795723484,0.14244800383285094,0.14332089625706354,0.14539565653980194,0.14611021415398348,0.1422215768506304,0.1449747976924137,0.146593422460244,0.146409655634094,0.1469855677410463,0.14739740232465035
1385.59317138495,1206233,0.10864153111380637,0.1051082170691732,0.10613040764097816,0.1076309469231898,0.10777519766081678,0.10479898991322573,0.10714264988605021,0.1086904437202431,0.10869541788360955,0.10862163446034058,0.10916962145787754
1390.00979899039,1202454,0.0674878207399202,0.06470185138059335,0.06560916259582487,0.06661793299369456,0.06683831564450698,0.06444404526077505,0.06630939728255716,0.06724248910977051,0.06727575441555353,0.0675244125762815,0.06791029012336439
1393.31718922693,1207271,0.04546535119289704,0.04352461046442762,0.0438252886054581,0.044835832219940676,0.04506858857704691,0.042868585429452044,0.04442664488751904,0.04546452287845894,0.04569230934893657,0.04551173680143066,0.045724613612022486
1397.72026891893,1216583,0.026407569397238,0.02523214610100585,0.025402294787942953,0.025966991154734203,0.026310576425940525,0.024549085430258355,0.02616262104599522,0.02609439717635377,0.02684896961407483,0.02623577676163484,0.026447846139556447
1402.11560694612,1226116,0.015284035115763924,0.014462742513758894,0.01442767242251141,0.01511684049470034,0.015313396122389725,0.014153636360670605,0.01501978605613172,0.015351728547706743,0.015351728547706743,0.01522939102009924,0.015151910585947823
1405.40702999897,1233505,0.010068868792586979,0.009481112764034195,0.009738914718627001,0.009998338069160643,0.010145885099776653,0.009420310416252874,0.009884840353302176,0.010097243221551595,0.010150749287599159,0.00996185666049185,0.010325860049209367
1409.78882011272,1239321,0.005950032316082758,0.0062138864749326445,0.005868536077416585,0.006455147617122602,0.006108183432702262,0.0056434128042694345,0.005991183882141915,0.00622598987671475,0.006318782623710887,0.006529381814719511,0.006380106526073552
1413.0700822305,1241349,0.004521693738022104,0.004748060376251965,0.0047408101992268085,0.004578889578998332,0.004600640110073799,0.004672336305100338,0.004741615774451826,0.004583723030348435,0.004740004624001792,0.004401663029494526,0.004520888162797086
1417.43832443082,1244185,0.003408657072702211,0.003145030682736088,0.0031635166795934686,0.0035919095632884175,0.0031635166795934686,0.0029891053179390524,0.003373292556975048,0.0032189746701656104,0.0036329002519721746,0.0032157597141904137,0.0032864887456447393
1420.70942561352,1246558,0.0032698037315552105,0.003059624983354164,0.0027507745327533897,0.002993843848421012,0.002780456264369568,0.0032128468952106522,0.003005074773897404,0.0030235255800371906,0.0028807323846944946,0.002605574710522896,0.0031342304168759097
1425.0641199004,1248152,0.0027023952210948666,0.0026278850652805105,0.002413167627019786,0.0026631371820098836,0.002413968811490908,0.0024668469865849673,0.0023570847140412386,0.0027104070658060878,0.002594235317493382,0.00223209993654619,0.002502900287785462
1429.41107252247,1251192,0.002428883816392688,0.00207162449887787,0.0021075902019833887,0.002268237009188038,0.002433679243473424,0.002166733802645797,0.0022922141445917174,0.0022154873112999445,0.002161139137718272,0.0022554492036394097,0.0020388557471595087
1432.66620652148,1251688,0.0021994298898767107,0.002092374457532548,0.002204223416698091,0.0024071493854698617,0.0021866471516863626,0.002528585398278165,0.0019397805203852717,0.002225794287394303,0.002209016943519471,0.0018558938010111146,0.001887850646486984
1436.99961123011,1252589,0.0020525487610062038,0.0020278000205973387,0.002044565296358183,0.0020733057690910587,0.0022760857711507923,0.0020900710448519028,0.0020325900993861516,0.0018066580498471566,0.002234571754981083,0.0018545588377352827,0.002133181753951216
1440.24458429404,1254938,0.0018988985910060895,0.0018678213585053604,0.0014861291952271746,0.0021777968313972484,0.0017474966890794605,0.0018686182106207637,0.001907663964275526,0.0021379542256270826,0.001982568063123437,0.0017323564988867975,0.0019506939785073048
1444.56444108924,1257780,0.0018795019796784811,0.0016688133059835583,0.0018810920828761786,0.0021108619949434717,0.0019105089920335829,0.0016735836155766508,0.0017642194978454101,0.0017332124854903084,0.0015598912369412775,0.0019860388939242158,0.0018787069280796324
1448.87655621962,1258886,0.0016490770411300149,0.002111390546880337,0.0014052106386122335,0.001726129292088402,0.0015942666770462138,0.0014743193585439825,0.0015180087791904907,0.0016864116369552128,0.0021503138489108627,0.001517214426087827,0.0018254234299213748
1452.10556209986,1257484,0.0015173155284679567,0.0018290491171259436,0.0016787489940229855,0.0015602584207830875,0.001584910821926959,0.0020000254476398903,0.0017821300310779302,0.0018529062795232384,0.0014401773700500364,0.0013789439865636462,0.0015443536458515576
1456.4041293168,1256419,0.0016722128525595362,0.0016109275647693962,0.0019977411993928776,0.0018393545465326456,0.0017334981403496763,0.0016793760680155266,0.0014055820550310048,0.0018855174905823614,0.0017342940531781196,0.0013880719728052505,0.0014533368247376074
1459.62297426197,1253809,0.0015656292146570968,0.0018527542871362385,0.0015656292146570968,0.001981960569751852,0.0015448924038669366,0.0014308399445210555,0.0015967344308423373,0.0019341063910053285,0.0016629327114416948,0.0012298523937856565,0.0016453861792346362
1463.90799356548,1249573,0.0016789735373603622,0.0013684674684872353,0.0012556289228400422,0.0018902457079338303,0.0013972773099290717,0.00159574510652839,0.0015165180425633397,0.0017053825586820458,0.001935861290216738,0.0017301910332569606,0.0017574003279520285
1468.18527120417,1246122,0.0020768431983385254,0.001398739449267407,0.0013578124774299787,0.0017694896647358765,0.0014284315660906396,0.0015544224401784095,0.0020150514957604474,0.0016410913217164932,0.0021105477633811135,0.0020278913300623854,0.001870603359863641
1471.38814896565,1242653,0.001300443486637058,0.0013801117447911847,0.0017406307311856166,0.001652110444347698,0.0019651503678017918,0.0016167023296125307,0.001953884149476966,0.0018170800698183644,0.0023482017908458756,0.001834784127185948,0.0018138611502969855
1475.65187869091,1237133,0.0017516305845854893,0.0020490925389590286,0.0015131760287697442,0.001778305162015725,0.0017677969951492684,0.0015608669399328932,0.0017960882136358824,0.0019238028570897389,0.0023117967106204428,0.001992510101985801,0.0018591372148346217
1478.84459551732,1234762,0.0015112224056133894,0.0021526415616936706,0.002008484226109971,0.0020441186236699865,0.0020886616206200062,0.001989047281986326,0.0018748552352599124,0.0020303507882490717,0.0020271112975617975,0.0018278826202944374,0.0020919011113072804
1483.09477732914,1229492,0.001850357708712216,0.0018511710527600016,0.0017698366479814427,0.002042306903989615,0.001898345007531566,0.0022025356814033763,0.0018300241075175764,0.0018178239468007926,0.0021740686397308806,0.001799117033701724,0.0017844768408415833
1487.33721747614,1222556,0.0021904927054466217,0.0024097055676795174,0.002336907266415608,0.0025405789182663206,0.0021839490379172814,0.0025872025494128696,0.002191310663887789,0.0021757694535056065,0.002275560383328044,0.002257565297622358,0.0017757877757746884
1490.51396711886,1216904,0.002189162004562398,0.0021398565540091904,0.0022417544851524853,0.002486638222900081,0.002665781359910067,0.002307495085890095,0.0024611637401142574,0.002577853306423514,0.002486638222900081,0.0025614181562391117,0.002384740291756786
1494.74285935242,1207436,0.0024821191350928745,0.002571564869690816,0.002500339562510974,0.0029881500965682653,0.002609662127019569,0.0029666168641650573,0.002526842002391845,0.002846527683454858,0.0029185811918809776,0.002863091708380403,0.002778615181260125
1497.90944806006,1199476,0.002968796374416829,0.0032272425625856625,0.0030329910727684424,0.002940450663456376,0.003107190139694333,0.0030521661125358073,0.0028745885703423827,0.0031805555092390345,0.003200564246387589,0.0028337373986640833,0.0032539208787837354
1502.1247923802,1189932,0.0034254058215091284,0.003238000154630685,0.003458180803608946,0.003489275017395952,0.0035346557618418533,0.0035338153776854476,0.0033691000830299547,0.003384226997845255,0.003746432569256058,0.0034010346809733665,0.0031480790498952882
1506.33239503551,1179616,0.004080141334129072,0.003965697311667526,0.004035211458644169,0.0037402002007432926,0.003915681035184331,0.0042819019070612805,0.003967392778666956,0.003911442367685755,0.004159828283102298,0.004085227735127364,0.0041369394786099885
1509.48301655946,1171961,0.004678483328370142,0.0046861627648019,0.004269766656057668,0.004505269373298258,0.004557318886891287,0.004514655351159296,0.004117884468851779,0.005014671989938232,0.0048977739020325765,0.004277446092489426,0.0045231880583056945
1513.67707130135,1160737,0.005785979080532455,0.005338849368978503,0.005425001529200844,0.005551645204727686,0.005540445423898781,0.005538722380694335,0.005461185436494227,0.005959144922579361,0.0053767563194763324,0.005165683526931596,0.0051234689684226484
1516.81753189022,1152204,0.006085727874577766,0.006110029126786576,0.005476460765628309,0.006140405692047589,0.005801056062988846,0.005591023811755557,0.006083992070848565,0.00611957604729718,0.006057087113045954,0.005978975945231921,0.0057194732877164116
1520.99803871867,1139412,0.007114195743067477,0.007047494672690826,0.006984304184965579,0.006824572674326758,0.007100153412461866,0.007187040333084082,0.006658697644047982,0.006723643423098931,0.007297623686603265,0.0066244694631968064,0.006857923209515083
1525.1708038823,1127735,0.0078945851640678,0.007941582020598812,0.008156171440985693,0.008382288392219803,0.00811892864901772,0.00832731093740994,0.008025821669097793,0.00821203562893765,0.008198734631806232,0.00812424904787029,0.00811272151702306
1528.29529728748,1118216,0.008867696402126243,0.008732659879665467,0.00870404286828305,0.00916012648719031,0.008991107263712914,0.009065332636986057,0.009041187033632143,0.008866802120520543,0.008654857379969523,0.00898305872926161,0.008990212982107214
1532.45451453768,1104477,0.009772045954782219,0.009683316175891394,0.009740356748035495,0.010158654277092234,0.010320721934454045,0.00972224862989451,0.009755748648455333,0.010328870587617488,0.010369613853434703,0.010136019129416004,0.009906046029025502
1535.56884700778,1093975,0.010238808016636578,0.010887817363285267,0.010659292945451222,0.011433533673072968,0.010801892182179666,0.011038643479055737,0.010421627550903815,0.010576110057359629,0.010591649717772343,0.010389634132407047,0.011113599488105304
1539.71451634454,1078911,0.011649709753631207,0.012299438971333131,0.0119222067436517,0.012051040354579757,0.011754444991292145,0.012190069431120824,0.011975037792737307,0.01209089535652153,0.011771128480477074,0.011185352637984041,0.011677515568939421
1543.85244401649,1063149,0.012829810308809019,0.013263427797985042,0.013042386344717438,0.013425211329738352,0.013147733760742849,0.01344402336831432,0.012811938872161852,0.013204169876470748,0.013027336713856665,0.012859909570530565,0.013138327741454866
1546.9508093029,1050384,0.013577891513960608,0.013819707840180353,0.013614068759615532,0.013828276135203887,0.013907294855976481,0.014399495803439504,0.013516961416015476,0.013932047708266691,0.014268115279745312,0.013647389906929276,0.013579795579521395
1551.07518906141,1033337,0.01504930143796264,0.014971882357836796,0.014779302396023757,0.015148010765123092,0.015180913874176576,0.01542575171507456,0.014816076459083533,0.015233171753261521,0.01498930165086511,0.014990269389366684,0.01471736713192308
1554.16339341276,1020885,0.01562957629899548,0.015934213941824985,0.015888175455609593,0.015804914363517927,0.015979272885780476,0.01595184570250322,0.015577660559220677,0.016030209083295378,0.015868584610411556,0.016015515949396847,0.015476767706450775
1558.27422525783,1003480,0.01688025670666082,0.01749013433252282,0.016857336469087575,0.017038705305536733,0.017104476422051262,0.01711244867859848,0.01733268226571531,0.017422370151871487,0.0168692948539084,0.017106469486188065,0.017238011719217124
1562.37731543808,983089,0.01830658261866423,0.01886909527011288,0.018615811996675783,0.01811840026691378,0.018811114761735713,0.0190623636313701,0.018428646846826685,0.018258774129300603,0.018181466784797713,0.017848841763055023,0.018710411773501686
1565.44955260574,967796,0.01916519597105175,0.01968803342853246,0.019161062868621074,0.020020748174202,0.019830625462390835,0.019626036892072297,0.019208593546573866,0.01936978454137029,0.019778961682007365,0.019341886099963214,0.019466912448491212
1569.53909487256,949278,0.020815820023217645,0.021082338366632324,0.021295131668489103,0.021713344246890795,0.021399421455042675,0.02147948230128582,0.02079475137946945,0.021375192514732248,0.02185239729562889,0.02126879586380386,0.02105284226538485
1572.60117110514,933484,0.0222756897815067,0.022540289924626453,0.022618491586358203,0.0226624130676048,0.0226377741878811,0.022963435902490028,0.02248994090953889,0.02262599037583933,0.02272883091729478,0.022313183728912334,0.022405311713966175
1576.67716545852,909530,0.024468681626774267,0.025127263531714183,0.024153134036260487,0.02487218673380757,0.024368629951733313,0.02523611095840709,0.02432904906929953,0.024665486569986697,0.024546743922685344,0.02471056479720295,0.024451090123470364
1580.74541814709,887594,0.02655155397625491,0.02751032566691528,0.026746462909843914,0.02754750482765769,0.02697291779800224,0.027208385816037513,0.026630418862678206,0.027082201997760236,0.026954891538248343,0.026867013521948098,0.026984184210348424
1583.79152719598,870694,0.02882413339244327,0.029443179808290858,0.028751777317863682,0.028667936152080985,0.029125042781964733,0.029254824312559866,0.028672530188562226,0.02874833179050275,0.028836766992766688,0.028680569752404402,0.028510590402598388
1587.84623197111,847243,0.031040681362961984,0.03175476221107758,0.03198610079988858,0.03153522661149163,0.031325133403285715,0.03245822036889062,0.031400672534326046,0.03210058979537157,0.032197374307016996,0.03155411139425171,0.031347559082813316
1590.88218008492,830568,0.03360591787788598,0.03362518180329606,0.03356979801774208,0.034224771481684825,0.033074955933770626,0.0345161383535123,0.03413687982200133,0.03378651717860549,0.034032132227584014,0.033597489910519064,0.03342772656784273
1594.92333694662,807901,0.03646362611260538,0.03711345820836959,0.036499521599799974,0.03653789263783558,0.03699710731884229,0.03779175913880537,0.0362061688251407,0.03704785611108292,0.037164207000610225,0.03710479378042607,0.0368126787811873
1598.9567521435,784591,0.039364458679745244,0.040152130218164626,0.03988829848927658,0.040891368878817114,0.039957124157682156,0.04121382988079139,0.039985164244810356,0.04014448292167511,0.040138110174600526,0.04055616238269366,0.04042233469412726
1601.97673307362,767201,0.04270979834489267,0.04295093463121138,0.042522103073379725,0.04322335346278224,0.04319076747814458,0.044129243835709285,0.04215192628789587,0.042875335146851996,0.04353748235468932,0.04315036085719388,0.042966575903837456
1605.99660035707,743484,0.04622291804531099,0.04655782774074493,0.04665870415503225,0.04700706403903783,0.04640180555331386,0.047129460755039786,0.04649999192988686,0.04730027814989966,0.04610993646130919,0.04681741638017765,0.04645829634531476
1609.00642035212,728224,0.049234850815133804,0.049505371973458716,0.04902749703387969,0.049823955266511406,0.049450443819484116,0.05083600650349343,0.04897668849145318,0.049748429054796324,0.049657797600738234,0.049130487322582066,0.049090664410950474
1613.01273972213,704145,0.05294790135554467,0.053711948533327655,0.05323335392568292,0.05368922594067983,0.053625318648857834,0.05389940992267218,0.05286127147107485,0.053577033139481214,0.053345546726881535,0.053501764551335304,0.053433596773391843
1617.01131742732,679457,0.05717801126487769,0.057955102383226605,0.058084617569618094,0.0579065341883298,0.05808608933309981,0.058817555783515364,0.057375227571428364,0.058733665265057244,0.058089032860063256,0.057737281387931834,0.058621811240446416
1620.00517023868,662361,0.06068895964587287,0.06174880465486344,0.06155706631278109,0.061597829582357655,0.06110565084598882,0.06232854893328563,0.061173589628616416,0.06218814211585525,0.06125511616776954,0.061845428701267136,0.061540459054805464
1623.99020003044,640228,0.06569378408941814,0.06677777291839782,0.06602023029295813,0.06713858188020518,0.06699644501646289,0.0675353155438375,0.06602023029295813,0.06684649843493255,0.06649974696514367,0.0661795485358341,0.06727603291327465
1626.97389190672,623515,0.06988925687433342,0.06956689093285646,0.06963745860163749,0.0701811504133822,0.07016511230684105,0.0713358940843444,0.06962462811640457,0.07046181727785218,0.07102154719613803,0.07038002293449236,0.07061578310064713
1630.94537378504,601858,0.07508415606339036,0.07456742288048011,0.07456742288048011,0.07562082750416212,0.07536329167345121,0.07613091460111854,0.0742833027059539,0.0752037856105593,0.0752586158196784,0.07575042618026179,0.07516058605185941
1634.90911399855,578569,0.07994897756360952,0.080749227836265,0.08028774441769261,0.08125737811738963,0.0808010799057675,0.0806057704439747,0.08011317578370082,0.07995761957519328,0.08062651127177571,0.07980897697595274,0.08092379647025678
1637.87683869114,561675,0.08323674722926959,0.08392219700004451,0.08413228290381448,0.08511861841812436,0.08450972537499443,0.0848319757867094,0.0832296256732096,0.08494057951662438,0.08451328615302443,0.08304980638269462,0.08346641741220456
1641.82703099121,539122,0.0883621888923101,0.08874429164456282,0.08796153746276353,0.08895203683025363,0.08835847915685133,0.08964575736104258,0.08748854619177107,0.08894090762387734,0.08929518736018935,0.08879251820552676,0.08877582439596232
1644.78459474873,522548,0.0914250939626599,0.09271875502346195,0.09069406064131907,0.09177912842456579,0.09184993531694696,0.09349188974027266,0.09123563768304538,0.09229391366917489,0.09185376271653513,0.09256948643952326,0.09302494699051571
1648.72123913537,499421,0.09509612130847521,0.09606924818940332,0.09561472184789986,0.09715050027932345,0.09526631839670338,0.09661788350910354,0.09523027666037272,0.09622142440946616,0.096481725838521,0.09538045056175051,0.09519623724272708
1651.66864195781,482882,0.09729913312154936,0.09793697010863937,0.09739025269113365,0.09886680389826086,0.09844434043927916,0.0977733690632494,0.09672135221441264,0.09790383571969964,0.09821447061600971,0.09812956374435162,0.09851475101577611
1655.59173843101,460047,0.0985747108447615,0.10003760485341714,0.09972024597486778,0.10094838136103484,0.10087447586876994,0.10114618723739097,0.09930507100361485,0.10015498416466144,0.09887468019571913,0.09953548224420548,0.10095490243388175
1659.5070932394,437037,0.09968263556632505,0.10006246610698866,0.09968263556632505,0.10058873733802859,0.10117907637110816,0.10085187295354855,0.10105780517439027,0.1006116186958999,0.10104636449545462,0.10092738143452384,0.10010594068694413
1662.43852887815,419098,0.09954235047649954,0.09997900252446922,0.0998119771509289,0.09982629361151807,0.10061608502068728,0.1009644522283571,0.10058506602274409,0.10115533836954603,0.1002605595827229,0.100017179752707,0.09983345184181265
1666.3403357731,392050,0.09590613442162989,0.09690855758194108,0.09569187603621987,0.09639841856906006,0.09644178038515495,0.096265782425711,0.09576329549802322,0.09606937890575182,0.09652085193215151,0.09581686009437572,0.09687539854610382
1669.26161047677,368531,0.088879904268569,0.08995172726310677,0.09001413720962416,0.09131660565868271,0.08884734255734253,0.09016609186201432,0.08851629849320682,0.08966952576581075,0.09023664223633833,0.08973193571232814,0.09007654715614155
1673.14986945829,332513,0.07458054271562314,0.07604213970581601,0.07548276307993973,0.07700150069320598,0.0746978313629843,0.07563614054187355,0.07562711833823038,0.07540457064836563,0.07459257232048071,0.07548276307993973,0.07512788973664188
1677.03038677499,290560,0.05693832599118943,0.05827023678414097,0.05711729074889868,0.05897921255506608,0.05683851872246696,0.05880713105726872,0.058067180616740086,0.05767139317180617,0.05759567731277533,0.05687293502202643,0.058063738986784144
1679.93569429497,255743,0.046664033815197285,0.04747735030870835,0.04513906538986404,0.04664448293794943,0.0444508745107393,0.045178167144359765,0.045639567847409315,0.0446346527568692,0.04558873556656487,0.04527983170604865,0.046347309603781923
1683.80266369824,209023,0.03774225802902073,0.0358142405381226,0.03582380886313946,0.037378661678379894,0.03548413332504079,0.0368428354774355,0.03755089152868345,0.03764657477885209,0.03878042129335049,0.03648402328930309,0.03746477660353167
1686.69781028315,177935,0.03400680023604125,0.03459128333380167,0.033916879759462726,0.036575153848315396,0.034529463006153935,0.03360777812122404,0.034787984376317194,0.03629977238879366,0.035372467474077615,0.030842723466434373,0.03587827015483182
1690.55123177298,141868,0.028075394028251613,0.028209321340964842,0.033080046240166916,0.03303775340457327,0.030063157301153186,0.030168889390137312,0.032368116841007134,0.031409479234217726,0.03027462147912144,0.030450841627428313,0.027645416866382836
1694.39691159799,112242,0.031093530051139504,0.02921366333458064,0.031975552823363805,0.02721797544591151,0.025053010459542772,0.027440708469200478,0.0309866181999608,0.028982020990360114,0.03053224283245131,0.02736052458081645,0.03218937652572121
1697.27609099921,95618,0.030569558033006337,0.029460980150180928,0.027379782049404923,0.035045702691961764,0.03728377502143948,0.032169675165763766,0.028049112091865547,0.03466920454307766,0.031489886841389696,0.031489886841389696,0.030109393628814658
1701.10822291078,76536,0.032455315145813735,0.03356590362705132,0.03657102539981185,0.03363123236124177,0.03063917633531933,0.033291522943451446,0.038883662590153655,0.037995191805163586,0.04059527542594335,0.033513640639698965,0.030364795651719453
